Id,SleepDate,logId,SleepStart,SleepEnd,TotalMinutesAsleep,MinutesAwake,SleepEfficiency
1503960366,2016-03-13,11114919637,2016-03-13T02:39:30Z,2016-03-13T09:44:30Z,426,0,100
1503960366,2016-03-14,11126343681,2016-03-14T01:32:00Z,2016-03-14T07:57:00Z,381,5,98.70466321243524
1503960366,2016-03-15,11134971215,2016-03-15T02:36:00Z,2016-03-15T08:10:00Z,328,7,97.91044776119404
1503960366,2016-03-16,11142197163,2016-03-16T03:12:00Z,2016-03-16T08:14:00Z,298,5,98.34983498349835
1503960366,2016-03-16,11142197164,2016-03-16T19:43:00Z,2016-03-16T20:45:00Z,63,0,100
1503960366,2016-03-17,11150938241,2016-03-17T01:16:00Z,2016-03-17T08:32:00Z,436,1,99.77116704805492
1503960366,2016-03-18,11158035737,2016-03-18T01:36:00Z,2016-03-18T08:26:00Z,405,6,98.54014598540147
1503960366,2016-03-19,11162426404,2016-03-19T00:08:30Z,2016-03-19T07:55:30Z,467,1,99.78632478632478
1503960366,2016-03-20,11171977262,2016-03-20T01:08:00Z,2016-03-20T09:03:00Z,476,0,100
1503960366,2016-03-21,11183536407,2016-03-21T01:08:00Z,2016-03-21T08:14:00Z,420,7,98.36065573770492
1503960366,2016-03-23,11201455191,2016-03-23T02:33:30Z,2016-03-23T07:29:30Z,294,3,98.98989898989899
1503960366,2016-03-24,11212648378,2016-03-24T02:33:30Z,2016-03-24T08:16:30Z,340,4,98.83720930232558
1503960366,2016-03-25,11220084662,2016-03-25T01:56:00Z,2016-03-25T08:21:00Z,383,3,99.22279792746113
1503960366,2016-03-26,11227525796,2016-03-26T01:56:00Z,2016-03-26T09:32:00Z,455,2,99.56236323851203
1503960366,2016-03-27,11232921147,2016-03-26T23:45:00Z,2016-03-27T00:46:00Z,60,2,96.7741935483871
1503960366,2016-03-27,11232921148,2016-03-27T01:15:00Z,2016-03-27T03:23:00Z,125,4,96.89922480620154
1503960366,2016-03-27,11232921149,2016-03-27T03:33:00Z,2016-03-27T09:02:00Z,330,0,100
1503960366,2016-03-28,11240685157,2016-03-28T00:40:00Z,2016-03-28T01:56:00Z,77,0,100
1503960366,2016-03-29,11251719164,2016-03-29T02:06:30Z,2016-03-29T08:23:30Z,374,4,98.94179894179894
1503960366,2016-03-31,11274301836,2016-03-31T02:46:30Z,2016-03-31T08:21:30Z,335,1,99.70238095238095
1503960366,2016-04-01,11282542615,2016-04-01T03:17:30Z,2016-04-01T08:22:30Z,302,4,98.69281045751634
1503960366,2016-04-02,11290468616,2016-04-02T00:58:30Z,2016-04-02T09:26:30Z,497,12,97.64243614931237
1503960366,2016-04-03,11298416623,2016-04-03T02:29:00Z,2016-04-03T09:34:00Z,419,7,98.35680751173709
1503960366,2016-04-04,11309008620,2016-04-04T02:32:00Z,2016-04-04T08:08:00Z,325,12,96.439169139465875
1503960366,2016-04-05,11317836737,2016-04-05T03:21:30Z,2016-04-05T08:29:30Z,304,5,98.38187702265373
1503960366,2016-04-09,11348663949,2016-04-09T03:02:00Z,2016-04-09T09:48:00Z,404,3,99.26289926289927
1503960366,2016-04-10,11360475318,2016-04-10T03:27:00Z,2016-04-10T11:24:00Z,476,2,99.581589958159
1503960366,2016-04-11,11370708329,2016-04-11T03:00:00Z,2016-04-11T08:28:00Z,326,3,99.08814589665653
1644430081,2016-03-28,11247034534,2016-03-27T15:45:00Z,2016-03-28T07:45:00Z,940,21,97.81477627471385
1644430081,2016-03-30,11263177587,2016-03-29T21:59:00Z,2016-03-30T13:59:00Z,873,88,90.84287200832466
1844505072,2016-04-04,11307034191,2016-04-03T20:50:00Z,2016-04-04T12:50:00Z,940,21,97.81477627471385
1844505072,2016-04-10,11355174555,2016-04-09T13:24:00Z,2016-04-10T05:24:00Z,842,119,87.61706555671176
1927972279,2016-03-12,11105099810,2016-03-11T23:24:00Z,2016-03-12T08:41:00Z,557,1,99.82078853046595
1927972279,2016-03-12,11109334617,2016-03-12T19:43:00Z,2016-03-12T20:44:00Z,62,0,100
1927972279,2016-03-13,11110990524,2016-03-12T23:16:00Z,2016-03-13T05:26:00Z,369,2,99.46091644204851
1927972279,2016-03-13,11115019084,2016-03-13T10:19:00Z,2016-03-13T13:07:00Z,166,3,98.22485207100591
1927972279,2016-03-14,11118737661,2016-03-13T23:40:00Z,2016-03-14T01:07:00Z,87,1,98.86363636363636
1927972279,2016-03-14,11122236743,2016-03-14T05:58:00Z,2016-03-14T07:48:00Z,111,0,100
1927972279,2016-03-15,11127355549,2016-03-15T02:24:00Z,2016-03-15T03:31:00Z,68,0,100
1927972279,2016-03-16,11137138659,2016-03-16T00:27:00Z,2016-03-16T06:46:00Z,375,5,98.68421052631578
1927972279,2016-03-16,11139857046,2016-03-16T08:36:00Z,2016-03-16T11:54:00Z,199,0,100
1927972279,2016-03-16,11142688393,2016-03-16T22:46:00Z,2016-03-16T23:51:00Z,66,0,100
1927972279,2016-03-18,11151587517,2016-03-17T23:54:00Z,2016-03-18T02:33:00Z,160,0,100
1927972279,2016-03-18,11155342998,2016-03-18T04:04:00Z,2016-03-18T10:13:00Z,366,4,98.91891891891892
1927972279,2016-03-19,11160088163,2016-03-18T23:31:00Z,2016-03-19T06:35:00Z,421,4,99.05882352941177
1927972279,2016-03-19,11163052450,2016-03-19T07:58:00Z,2016-03-19T11:00:00Z,183,0,100
1927972279,2016-03-20,11167173782,2016-03-19T23:28:00Z,2016-03-20T04:09:00Z,275,7,97.51773049645391
1927972279,2016-03-20,11170033378,2016-03-20T05:48:00Z,2016-03-20T10:02:00Z,255,0,100
1927972279,2016-03-21,11177038127,2016-03-20T22:49:30Z,2016-03-21T05:51:30Z,423,0,100
1927972279,2016-03-22,11187375410,2016-03-22T02:35:00Z,2016-03-22T09:08:00Z,390,4,98.98477157360406
1927972279,2016-03-23,11196263954,2016-03-23T01:24:30Z,2016-03-23T07:50:30Z,385,2,99.48320413436691
1927972279,2016-03-24,11204042538,2016-03-23T22:33:00Z,2016-03-24T02:09:00Z,215,2,99.07834101382488
1927972279,2016-03-24,11207053721,2016-03-24T03:20:00Z,2016-03-24T08:26:00Z,306,1,99.6742671009772
1927972279,2016-03-25,11215825759,2016-03-25T07:56:30Z,2016-03-25T08:58:30Z,63,0,100
1927972279,2016-03-26,11222989702,2016-03-26T00:32:00Z,2016-03-26T07:17:00Z,406,0,100
1927972279,2016-03-28,11237340061,2016-03-27T22:00:00Z,2016-03-28T03:45:00Z,345,1,99.71098265895954
1927972279,2016-03-29,11248644569,2016-03-28T23:56:00Z,2016-03-29T06:23:00Z,388,0,100
1927972279,2016-03-29,11251322155,2016-03-29T07:32:00Z,2016-03-29T10:55:00Z,202,2,99.01960784313727
1927972279,2016-03-30,11261907665,2016-03-30T03:47:30Z,2016-03-30T07:09:30Z,203,0,100
1927972279,2016-03-30,11261907666,2016-03-30T07:48:00Z,2016-03-30T11:08:00Z,201,0,100
1927972279,2016-03-31,11267175780,2016-03-31T00:29:30Z,2016-03-31T05:22:30Z,294,0,100
1927972279,2016-03-31,11270290886,2016-03-31T07:18:30Z,2016-03-31T10:40:30Z,202,1,99.50738916256158
1927972279,2016-04-01,11277083346,2016-03-31T23:37:00Z,2016-04-01T06:22:00Z,403,3,99.26108374384236
1927972279,2016-04-02,11285724784,2016-04-02T02:41:00Z,2016-04-02T07:55:00Z,308,7,97.77777777777777
1927972279,2016-04-04,11299903791,2016-04-03T22:09:00Z,2016-04-04T04:53:00Z,404,1,99.75308641975309
1927972279,2016-04-04,11303408371,2016-04-04T06:27:00Z,2016-04-04T09:35:00Z,189,0,100
1927972279,2016-04-05,11312361705,2016-04-05T00:15:00Z,2016-04-05T07:14:00Z,416,4,99.04761904761905
1927972279,2016-04-06,11321559576,2016-04-06T00:12:30Z,2016-04-06T07:20:30Z,428,1,99.76689976689977
1927972279,2016-04-10,11353175214,2016-04-09T23:13:00Z,2016-04-10T02:03:00Z,170,1,99.41520467836257
1927972279,2016-04-10,11355585833,2016-04-10T03:24:00Z,2016-04-10T08:32:00Z,306,3,99.02912621359224
1927972279,2016-04-11,11363661680,2016-04-10T22:57:30Z,2016-04-11T06:40:30Z,459,5,98.92241379310344
1927972279,2016-04-12,11372414035,2016-04-11T21:56:00Z,2016-04-12T06:08:00Z,493,0,100
1927972279,2016-04-12,11374768075,2016-04-12T06:27:00Z,2016-04-12T08:35:00Z,129,0,100
2022484408,2016-03-13,11118328209,2016-03-13T20:49:00Z,2016-03-13T23:12:00Z,144,0,100
2026352035,2016-03-12,11103729104,2016-03-11T21:31:30Z,2016-03-12T06:34:30Z,542,2,99.63235294117648
2026352035,2016-03-13,11111886114,2016-03-12T21:03:00Z,2016-03-13T07:42:00Z,634,6,99.0625
2026352035,2016-03-14,11119724955,2016-03-13T20:32:30Z,2016-03-14T05:28:30Z,535,2,99.62756052141528
2026352035,2016-03-15,11128304947,2016-03-14T20:31:30Z,2016-03-15T05:24:30Z,534,0,100
2026352035,2016-03-15,11136618383,2016-03-15T20:42:00Z,2016-03-15T22:32:00Z,107,4,96.3963963963964
2026352035,2016-03-17,11144295165,2016-03-16T21:17:00Z,2016-03-17T05:44:00Z,505,3,99.40944881889764
2026352035,2016-03-18,11153120231,2016-03-17T21:15:00Z,2016-03-18T07:02:00Z,584,4,99.31972789115646
2026352035,2016-03-19,11160874699,2016-03-18T20:52:00Z,2016-03-19T06:40:00Z,585,4,99.32088285229203
2026352035,2016-03-20,11168317661,2016-03-19T21:31:00Z,2016-03-20T07:05:00Z,567,8,98.60869565217392
2026352035,2016-03-21,11177317677,2016-03-20T21:18:00Z,2016-03-21T06:54:00Z,571,6,98.96013864818023
2026352035,2016-03-22,11185231464,2016-03-21T20:51:00Z,2016-03-22T05:59:00Z,543,6,98.90710382513662
2026352035,2016-03-23,11195753009,2016-03-22T20:55:00Z,2016-03-23T06:54:00Z,596,4,99.33333333333333
2026352035,2016-03-24,11205439333,2016-03-23T20:55:00Z,2016-03-24T07:13:00Z,619,0,100
2026352035,2016-03-25,11214250259,2016-03-24T21:47:00Z,2016-03-25T06:38:00Z,527,5,99.06015037593986
2026352035,2016-03-26,11223274514,2016-03-25T21:53:00Z,2016-03-26T07:17:00Z,560,5,99.11504424778761
2026352035,2016-03-27,11230478336,2016-03-26T20:57:00Z,2016-03-27T06:46:00Z,589,1,99.83050847457628
2026352035,2016-03-28,11238720487,2016-03-27T21:06:00Z,2016-03-28T06:20:00Z,552,3,99.45945945945947
2026352035,2016-03-29,11248842132,2016-03-28T21:22:00Z,2016-03-29T05:51:00Z,509,1,99.80392156862746
2026352035,2016-03-30,11257780733,2016-03-29T21:11:00Z,2016-03-30T06:12:00Z,534,8,98.5239852398524
2026352035,2016-03-31,11267544738,2016-03-30T21:33:00Z,2016-03-31T06:06:00Z,511,3,99.41634241245137
2026352035,2016-04-01,11277035330,2016-03-31T20:52:30Z,2016-04-01T06:35:30Z,583,1,99.82876712328768
2026352035,2016-04-02,11284341476,2016-04-01T21:32:30Z,2016-04-02T07:00:30Z,562,7,98.76977152899823
2026352035,2016-04-03,11292296207,2016-04-02T21:26:00Z,2016-04-03T07:05:00Z,571,9,98.44827586206897
2026352035,2016-04-04,11301406079,2016-04-03T21:01:00Z,2016-04-04T06:51:00Z,587,4,99.32318104906938
2026352035,2016-04-05,11311687198,2016-04-04T21:59:00Z,2016-04-05T06:55:00Z,533,4,99.25512104283054
2026352035,2016-04-06,11320037853,2016-04-05T21:25:00Z,2016-04-06T06:25:00Z,534,7,98.70609981515712
2026352035,2016-04-07,11329844294,2016-04-06T21:49:00Z,2016-04-07T06:58:00Z,542,8,98.54545454545455
2026352035,2016-04-08,11339151633,2016-04-07T21:02:00Z,2016-04-08T06:11:00Z,546,4,99.27272727272727
2026352035,2016-04-09,11346096957,2016-04-08T21:04:00Z,2016-04-09T06:24:00Z,555,6,98.93048128342245
2026352035,2016-04-10,11353875518,2016-04-09T21:10:00Z,2016-04-10T06:31:00Z,559,3,99.4661921708185
2026352035,2016-04-11,11363540626,2016-04-10T21:16:00Z,2016-04-11T06:29:00Z,554,0,100
2026352035,2016-04-12,11372566564,2016-04-11T20:48:00Z,2016-04-12T05:53:00Z,545,1,99.81684981684981
2347167796,2016-03-12,11103744323,2016-03-11T23:43:00Z,2016-03-12T06:58:00Z,430,6,98.62385321100918
2347167796,2016-03-13,11111717645,2016-03-12T22:40:00Z,2016-03-13T08:00:00Z,555,6,98.93048128342245
2347167796,2016-03-14,11120487753,2016-03-13T21:41:00Z,2016-03-14T06:38:00Z,529,9,98.3271375464684
2347167796,2016-03-15,11129367171,2016-03-14T22:51:30Z,2016-03-15T06:47:30Z,472,5,98.9517819706499
2347167796,2016-03-16,11135190736,2016-03-15T21:23:00Z,2016-03-16T00:01:00Z,156,3,98.11320754716981
2347167796,2016-03-16,11136931751,2016-03-16T00:16:00Z,2016-03-16T06:58:00Z,396,7,98.26302729528535
2347167796,2016-03-17,11144621247,2016-03-16T22:50:00Z,2016-03-17T06:52:00Z,480,3,99.37888198757764
2347167796,2016-03-18,11153707727,2016-03-18T00:36:00Z,2016-03-18T07:25:00Z,405,5,98.78048780487805
2347167796,2016-03-19,11159316612,2016-03-18T21:54:51Z,2016-03-19T03:10:51Z,277,40,87.38170347003155
2347167796,2016-03-20,11168273187,2016-03-19T22:50:00Z,2016-03-20T07:45:00Z,526,10,98.13432835820896
2347167796,2016-03-21,11176780954,2016-03-20T22:01:00Z,2016-03-21T06:28:00Z,503,5,99.01574803149606
2347167796,2016-03-22,11185540404,2016-03-21T22:25:00Z,2016-03-22T06:48:00Z,497,7,98.61111111111111
2347167796,2016-03-23,11194933002,2016-03-22T22:06:00Z,2016-03-23T06:29:00Z,495,9,98.21428571428571
2347167796,2016-03-24,11205027829,2016-03-23T22:17:00Z,2016-03-24T06:49:00Z,506,7,98.635477582846
2347167796,2016-03-25,11213899920,2016-03-24T22:39:00Z,2016-03-25T05:49:00Z,428,3,99.30394431554525
2347167796,2016-03-28,11238441401,2016-03-27T21:36:00Z,2016-03-28T06:52:00Z,551,6,98.92280071813285
2347167796,2016-03-29,11248231995,2016-03-28T21:33:00Z,2016-03-29T06:01:00Z,503,6,98.82121807465619
2347167796,2016-03-30,11258976452,2016-03-29T22:10:00Z,2016-03-30T06:58:00Z,526,3,99.4328922495274
2347167796,2016-03-31,11267974466,2016-03-30T22:25:00Z,2016-03-31T07:18:00Z,524,10,98.12734082397003
2347167796,2016-04-01,11277129330,2016-03-31T21:42:00Z,2016-04-01T06:30:00Z,527,2,99.62192816635161
2347167796,2016-04-02,11285072012,2016-04-02T00:42:30Z,2016-04-02T08:20:30Z,449,10,97.82135076252723
2347167796,2016-04-03,11293635171,2016-04-02T23:56:00Z,2016-04-03T07:53:00Z,465,13,97.28033472803347
2347167796,2016-04-04,11300667700,2016-04-03T21:29:30Z,2016-04-04T06:38:30Z,544,6,98.9090909090909
2347167796,2016-04-05,11311123755,2016-04-04T21:54:30Z,2016-04-05T06:49:30Z,531,5,99.06716417910447
2347167796,2016-04-06,11320376027,2016-04-05T23:22:00Z,2016-04-06T07:04:00Z,452,11,97.62419006479482
2347167796,2016-04-08,11338843959,2016-04-07T22:44:00Z,2016-04-08T06:44:00Z,477,4,99.16839916839916
2347167796,2016-04-10,11355159359,2016-04-09T23:39:30Z,2016-04-10T09:01:30Z,557,6,98.93428063943162
2347167796,2016-04-11,11363107879,2016-04-10T22:03:00Z,2016-04-11T06:38:00Z,508,8,98.44961240310077
3977333714,2016-03-13,11158033667,2016-03-13T01:05:30Z,2016-03-13T08:59:30Z,470,5,98.94736842105263
3977333714,2016-03-14,11158033668,2016-03-14T01:29:30Z,2016-03-14T07:56:30Z,387,1,99.74226804123711
3977333714,2016-03-15,11158033669,2016-03-14T23:27:00Z,2016-03-15T06:17:00Z,411,0,100
3977333714,2016-03-16,11158033670,2016-03-15T23:51:00Z,2016-03-16T05:05:00Z,315,0,100
3977333714,2016-03-17,11158033671,2016-03-16T23:45:30Z,2016-03-17T08:00:30Z,491,5,98.99193548387096
3977333714,2016-04-01,11327738293,2016-04-01T02:29:00Z,2016-04-01T09:38:00Z,428,2,99.53488372093024
3977333714,2016-04-02,11327738294,2016-04-02T02:42:00Z,2016-04-02T07:31:00Z,288,2,99.3103448275862
3977333714,2016-04-03,11327738295,2016-04-03T00:41:00Z,2016-04-03T06:39:00Z,351,8,97.7715877437326
3977333714,2016-04-04,11327738296,2016-04-04T01:58:30Z,2016-04-04T08:11:30Z,373,1,99.73262032085562
3977333714,2016-04-05,11327738297,2016-04-05T00:05:30Z,2016-04-05T08:10:30Z,484,2,99.58847736625515
3977333714,2016-04-06,11327738298,2016-04-06T00:23:30Z,2016-04-06T07:28:30Z,426,0,100
3977333714,2016-04-07,11330030128,2016-04-07T00:31:00Z,2016-04-07T07:15:00Z,396,9,97.77777777777777
3977333714,2016-04-08,11342155222,2016-04-08T00:08:30Z,2016-04-08T08:07:30Z,478,2,99.58333333333333
3977333714,2016-04-09,11347369045,2016-04-09T01:27:00Z,2016-04-09T08:24:00Z,414,4,99.04306220095694
3977333714,2016-04-10,11356237092,2016-04-10T01:26:30Z,2016-04-10T08:57:30Z,452,0,100
3977333714,2016-04-11,11370551137,2016-04-11T02:10:00Z,2016-04-11T09:04:00Z,408,7,98.3132530120482
4020332650,2016-03-12,11107692869,2016-03-12T05:23:00Z,2016-03-12T11:23:00Z,352,9,97.50692520775624
4020332650,2016-03-13,11111413999,2016-03-12T22:52:30Z,2016-03-13T03:29:30Z,271,7,97.48201438848922
4020332650,2016-03-13,11114617817,2016-03-13T03:39:00Z,2016-03-13T09:01:00Z,321,2,99.38080495356037
4020332650,2016-03-14,11121613510,2016-03-14T00:02:00Z,2016-03-14T04:51:00Z,289,1,99.6551724137931
4020332650,2016-03-15,11131787522,2016-03-15T02:01:00Z,2016-03-15T07:41:00Z,336,5,98.53372434017595
4020332650,2016-03-16,11140227362,2016-03-16T02:19:00Z,2016-03-16T10:31:00Z,488,5,98.98580121703854
4020332650,2016-03-17,11148301893,2016-03-17T00:40:00Z,2016-03-17T07:26:00Z,405,2,99.5085995085995
4020332650,2016-03-30,11317762417,2016-03-30T03:31:00Z,2016-03-30T05:57:00Z,147,0,100
4020332650,2016-03-30,11317762418,2016-03-30T06:07:30Z,2016-03-30T10:06:30Z,238,2,99.16666666666667
4020332650,2016-03-31,11317762419,2016-03-31T02:47:30Z,2016-03-31T07:14:30Z,264,4,98.50746268656717
4020332650,2016-04-01,11317762420,2016-04-01T00:55:30Z,2016-04-01T05:00:30Z,245,1,99.59349593495935
4020332650,2016-04-01,11317762421,2016-04-01T05:10:00Z,2016-04-01T08:05:00Z,174,2,98.86363636363636
4020332650,2016-04-02,11317762422,2016-04-01T23:32:00Z,2016-04-02T05:19:00Z,348,0,100
4020332650,2016-04-02,11317762423,2016-04-02T05:33:00Z,2016-04-02T08:40:00Z,187,1,99.46808510638297
4020332650,2016-04-03,11317762424,2016-04-03T02:55:30Z,2016-04-03T07:55:30Z,296,5,98.33887043189368
4020332650,2016-04-03,11317762425,2016-04-03T08:13:30Z,2016-04-03T09:50:30Z,96,2,97.95918367346938
4020332650,2016-04-04,11317762426,2016-04-04T00:31:00Z,2016-04-04T08:28:00Z,475,3,99.3723849372385
4020332650,2016-04-06,11322700613,2016-04-06T02:55:00Z,2016-04-06T07:11:00Z,250,7,97.27626459143968
4020332650,2016-04-11,11365660576,2016-04-10T22:46:00Z,2016-04-11T03:31:00Z,286,0,100
4020332650,2016-04-11,11367141823,2016-04-11T03:42:00Z,2016-04-11T07:27:00Z,221,5,97.78761061946902
4319703577,2016-03-12,11109532846,2016-03-11T22:30:30Z,2016-03-12T08:22:30Z,586,7,98.8195615514334
4319703577,2016-03-13,11133628763,2016-03-12T23:46:30Z,2016-03-13T06:15:30Z,387,3,99.23076923076923
4319703577,2016-03-15,11133628764,2016-03-14T22:20:00Z,2016-03-15T06:54:00Z,512,3,99.41747572815534
4319703577,2016-03-16,11140347492,2016-03-15T22:45:30Z,2016-03-16T07:45:30Z,540,1,99.81515711645102
4319703577,2016-03-17,11150878510,2016-03-16T22:55:30Z,2016-03-17T07:36:30Z,521,1,99.80842911877394
4319703577,2016-03-18,11158467692,2016-03-17T22:48:30Z,2016-03-18T07:49:30Z,542,0,100
4319703577,2016-03-19,11166006473,2016-03-18T23:27:00Z,2016-03-19T06:53:00Z,443,4,99.10514541387025
4319703577,2016-03-20,11200303995,2016-03-19T22:29:00Z,2016-03-20T06:55:00Z,501,6,98.81656804733728
4319703577,2016-03-21,11200303996,2016-03-20T22:48:30Z,2016-03-21T07:45:30Z,527,11,97.95539033457248
4319703577,2016-03-23,11200303997,2016-03-22T22:56:00Z,2016-03-23T07:43:00Z,528,0,100
4319703577,2016-03-24,11228766994,2016-03-23T23:14:30Z,2016-03-24T06:17:30Z,422,2,99.52830188679245
4319703577,2016-03-25,11228766995,2016-03-24T23:09:30Z,2016-03-25T07:44:30Z,515,1,99.8062015503876
4319703577,2016-03-26,11228766996,2016-03-25T22:27:30Z,2016-03-26T08:36:30Z,606,4,99.34426229508196
4319703577,2016-03-27,11243951252,2016-03-27T00:15:30Z,2016-03-27T09:16:30Z,542,0,100
4319703577,2016-03-28,11243951253,2016-03-27T22:49:30Z,2016-03-28T07:58:30Z,542,8,98.54545454545455
4319703577,2016-03-29,11290016501,2016-03-28T23:14:00Z,2016-03-29T05:44:00Z,384,7,98.20971867007673
4319703577,2016-03-29,11290016502,2016-03-29T15:26:30Z,2016-03-29T17:02:30Z,94,3,96.90721649484536
4319703577,2016-03-30,11290016503,2016-03-29T22:15:00Z,2016-03-30T07:57:00Z,578,5,99.14236706689536
4319703577,2016-04-01,11290016504,2016-03-31T23:13:30Z,2016-04-01T05:45:30Z,392,1,99.74554707379136
4319703577,2016-04-01,11290016505,2016-04-01T06:09:30Z,2016-04-01T07:42:30Z,94,0,100
4319703577,2016-04-02,11290016506,2016-04-01T23:16:00Z,2016-04-02T08:03:00Z,528,0,100
4319703577,2016-04-03,11303773433,2016-04-02T23:01:30Z,2016-04-03T08:39:30Z,579,0,100
4319703577,2016-04-04,11303773434,2016-04-03T22:57:00Z,2016-04-04T06:52:00Z,476,0,100
4319703577,2016-04-05,11311162826,2016-04-04T22:28:30Z,2016-04-05T06:43:30Z,489,7,98.58870967741935
4319703577,2016-04-06,11344563687,2016-04-05T22:50:00Z,2016-04-06T03:15:00Z,524,8,98.49624060150376
4319703577,2016-04-06,11344563688,2016-04-06T03:20:00Z,2016-04-06T07:38:00Z,506,12,97.68339768339769
4319703577,2016-04-07,11344563689,2016-04-06T23:11:30Z,2016-04-07T07:29:30Z,498,1,99.79959919839679
4445114986,2016-03-12,11104043433,2016-03-12T02:43:30Z,2016-03-12T06:12:30Z,210,0,100
4445114986,2016-03-12,11107399936,2016-03-12T06:21:00Z,2016-03-12T09:11:00Z,165,6,96.49122807017544
4445114986,2016-03-13,11112205125,2016-03-13T01:25:00Z,2016-03-13T07:17:00Z,353,0,100
4445114986,2016-03-15,11128052157,2016-03-15T02:29:30Z,2016-03-15T03:58:30Z,89,1,98.88888888888889
4445114986,2016-03-15,11132447209,2016-03-15T04:48:30Z,2016-03-15T12:37:30Z,459,11,97.65957446808511
4445114986,2016-03-16,11136302344,2016-03-16T03:03:30Z,2016-03-16T04:32:30Z,90,0,100
4445114986,2016-03-16,11138511255,2016-03-16T05:10:30Z,2016-03-16T07:45:30Z,148,8,94.87179487179486
4445114986,2016-03-16,11140107805,2016-03-16T08:51:00Z,2016-03-16T11:42:00Z,171,1,99.4186046511628
4445114986,2016-03-17,11147516179,2016-03-17T06:57:00Z,2016-03-17T10:47:00Z,231,0,100
4445114986,2016-03-19,11164720152,2016-03-19T13:09:30Z,2016-03-19T15:44:30Z,153,3,98.07692307692307
4445114986,2016-03-20,11168002960,2016-03-20T02:14:30Z,2016-03-20T05:43:30Z,210,0,100
4445114986,2016-03-20,11171376618,2016-03-20T06:29:00Z,2016-03-20T12:10:00Z,339,3,99.12280701754386
4445114986,2016-03-21,11180526300,2016-03-21T06:58:30Z,2016-03-21T10:26:30Z,205,4,98.08612440191388
4445114986,2016-03-22,11186499794,2016-03-22T02:19:30Z,2016-03-22T06:52:30Z,270,4,98.54014598540147
4445114986,2016-03-22,11203729377,2016-03-22T09:16:00Z,2016-03-22T10:41:00Z,85,1,98.83720930232558
4445114986,2016-03-24,11205778321,2016-03-24T02:08:00Z,2016-03-24T06:01:00Z,232,2,99.14529914529915
4445114986,2016-03-24,11209368968,2016-03-24T08:59:00Z,2016-03-24T11:49:00Z,170,1,99.41520467836257
4445114986,2016-03-25,11213400025,2016-03-25T01:50:00Z,2016-03-25T03:31:00Z,102,0,100
4445114986,2016-03-25,11215903083,2016-03-25T03:39:00Z,2016-03-25T07:40:00Z,234,8,96.69421487603306
4445114986,2016-03-26,11224230875,2016-03-26T01:40:30Z,2016-03-26T04:25:30Z,166,0,100
4445114986,2016-03-27,11231855313,2016-03-27T01:52:30Z,2016-03-27T07:16:30Z,325,0,100
4445114986,2016-03-28,11241900743,2016-03-28T01:38:00Z,2016-03-28T05:56:00Z,256,3,98.84169884169884
4445114986,2016-03-28,11241900744,2016-03-28T07:57:30Z,2016-03-28T09:53:30Z,114,3,97.43589743589743
4445114986,2016-03-29,11248525381,2016-03-29T01:37:00Z,2016-03-29T05:22:00Z,221,5,97.78761061946902
4445114986,2016-03-29,11251751160,2016-03-29T06:06:00Z,2016-03-29T10:17:00Z,245,7,97.22222222222221
4445114986,2016-03-31,11271160740,2016-03-31T01:59:30Z,2016-03-31T06:53:30Z,293,2,99.32203389830508
4445114986,2016-03-31,11271160741,2016-03-31T08:34:00Z,2016-03-31T10:34:00Z,116,5,95.86776859504133
4445114986,2016-04-01,11279465483,2016-04-01T02:16:00Z,2016-04-01T07:52:00Z,334,3,99.10979228486647
4445114986,2016-04-02,11286764929,2016-04-02T00:32:30Z,2016-04-02T08:46:30Z,493,2,99.5959595959596
4445114986,2016-04-05,11314160804,2016-04-05T02:12:00Z,2016-04-05T10:27:00Z,489,7,98.58870967741935
4445114986,2016-04-06,11323293598,2016-04-06T03:01:30Z,2016-04-06T10:30:30Z,447,3,99.33333333333333
4445114986,2016-04-07,11332581733,2016-04-07T05:34:30Z,2016-04-07T10:01:30Z,265,3,98.88059701492537
4445114986,2016-04-08,11340538470,2016-04-08T05:22:00Z,2016-04-08T07:03:00Z,100,2,98.0392156862745
4445114986,2016-04-08,11342110707,2016-04-08T09:09:30Z,2016-04-08T11:19:30Z,129,2,98.47328244274809
4445114986,2016-04-09,11348333718,2016-04-09T02:26:00Z,2016-04-09T05:49:00Z,201,3,98.52941176470588
4445114986,2016-04-09,11348333719,2016-04-09T05:59:00Z,2016-04-09T07:08:00Z,68,2,97.14285714285714
4445114986,2016-04-09,11351190304,2016-04-09T09:01:00Z,2016-04-09T11:49:00Z,169,0,100
4445114986,2016-04-10,11356223730,2016-04-10T02:19:00Z,2016-04-10T07:11:00Z,289,4,98.63481228668942
4445114986,2016-04-10,11357120621,2016-04-10T09:21:00Z,2016-04-10T10:36:00Z,75,1,98.68421052631578
4445114986,2016-04-11,11365196761,2016-04-11T02:42:30Z,2016-04-11T07:15:30Z,270,4,98.54014598540147
4445114986,2016-04-11,11367067858,2016-04-11T08:55:00Z,2016-04-11T11:28:00Z,153,1,99.35064935064936
4445114986,2016-04-12,11374744422,2016-04-12T01:44:00Z,2016-04-12T07:15:00Z,326,6,98.19277108433735
4558609924,2016-03-30,11261883581,2016-03-30T08:58:30Z,2016-03-30T10:19:30Z,82,0,100
4558609924,2016-03-31,11270331117,2016-03-30T23:41:00Z,2016-03-31T03:10:00Z,210,0,100
4558609924,2016-04-03,11293474562,2016-04-02T22:33:00Z,2016-04-03T04:36:00Z,364,0,100
4702921684,2016-03-12,11106298235,2016-03-11T21:56:30Z,2016-03-12T06:16:30Z,499,2,99.60079840319361
4702921684,2016-03-13,11115220527,2016-03-12T22:19:00Z,2016-03-13T03:19:00Z,299,2,99.33554817275747
4702921684,2016-03-14,11125481376,2016-03-13T22:32:30Z,2016-03-14T06:08:30Z,456,1,99.78118161925602
4702921684,2016-03-15,11133572843,2016-03-14T22:32:00Z,2016-03-15T05:51:00Z,440,0,100
4702921684,2016-03-16,11151084587,2016-03-15T22:05:30Z,2016-03-16T06:11:30Z,487,0,100
4702921684,2016-03-17,11151084588,2016-03-16T22:04:30Z,2016-03-17T06:13:30Z,489,1,99.79591836734694
4702921684,2016-03-18,11158211978,2016-03-17T22:30:00Z,2016-03-18T06:03:00Z,451,3,99.33920704845815
4702921684,2016-03-22,11192720520,2016-03-21T22:18:30Z,2016-03-22T06:02:30Z,462,3,99.35483870967742
4702921684,2016-03-23,11201986637,2016-03-22T22:25:30Z,2016-03-23T06:07:30Z,462,1,99.78401727861771
4702921684,2016-03-24,11207219411,2016-03-23T22:22:30Z,2016-03-24T06:00:30Z,455,4,99.12854030501089
4702921684,2016-03-25,11219888969,2016-03-24T22:21:00Z,2016-03-25T06:29:00Z,488,1,99.79550102249489
4702921684,2016-03-26,11224976201,2016-03-25T22:23:30Z,2016-03-26T06:35:30Z,491,2,99.59432048681542
4702921684,2016-03-27,11233601029,2016-03-26T23:38:30Z,2016-03-27T00:55:30Z,78,0,100
4702921684,2016-03-27,11233601030,2016-03-27T01:06:30Z,2016-03-27T06:58:30Z,353,0,100
4702921684,2016-03-27,11236280156,2016-03-27T18:49:00Z,2016-03-27T19:58:00Z,69,1,98.57142857142858
4702921684,2016-03-28,11246578364,2016-03-27T22:01:00Z,2016-03-28T06:13:00Z,493,0,100
4702921684,2016-03-29,11252260232,2016-03-28T23:08:30Z,2016-03-29T05:59:30Z,409,3,99.27184466019418
4702921684,2016-03-30,11265553390,2016-03-29T22:50:30Z,2016-03-30T06:01:30Z,423,9,97.91666666666666
4702921684,2016-03-31,11282452054,2016-03-30T22:27:00Z,2016-03-31T06:03:00Z,454,3,99.34354485776805
4702921684,2016-04-01,11282452055,2016-03-31T22:59:00Z,2016-04-01T05:53:00Z,415,0,100
4702921684,2016-04-02,11287291640,2016-04-01T21:59:00Z,2016-04-02T07:24:00Z,561,5,99.1166077738516
4702921684,2016-04-03,11294715391,2016-04-02T21:59:00Z,2016-04-03T07:47:00Z,588,1,99.830220713073
4702921684,2016-04-04,11308914853,2016-04-03T22:02:30Z,2016-04-04T06:02:30Z,481,0,100
4702921684,2016-04-05,11317949948,2016-04-04T22:39:00Z,2016-04-05T05:59:00Z,438,3,99.31972789115646
4702921684,2016-04-06,11322021474,2016-04-05T22:40:30Z,2016-04-06T06:08:30Z,446,3,99.33184855233853
4702921684,2016-04-07,11344035124,2016-04-06T22:14:00Z,2016-04-07T06:00:00Z,460,7,98.50107066381156
4702921684,2016-04-08,11344035125,2016-04-07T22:21:00Z,2016-04-08T06:09:00Z,469,0,100
4702921684,2016-04-09,11352144719,2016-04-09T00:02:00Z,2016-04-09T07:14:00Z,433,0,100
4702921684,2016-04-10,11357127828,2016-04-09T21:25:00Z,2016-04-10T06:19:00Z,480,55,89.7196261682243
4702921684,2016-04-10,11357127829,2016-04-10T06:20:00Z,2016-04-10T08:21:00Z,121,1,99.18032786885246
4702921684,2016-04-11,11365239635,2016-04-10T23:07:00Z,2016-04-11T01:44:00Z,158,0,100
4702921684,2016-04-11,11365239636,2016-04-11T02:07:30Z,2016-04-11T05:55:30Z,229,0,100
5553957443,2016-03-12,11106434898,2016-03-12T00:36:30Z,2016-03-12T10:22:30Z,584,3,99.48892674616695
5553957443,2016-03-12,11120071687,2016-03-12T12:29:00Z,2016-03-12T13:47:00Z,79,0,100
5553957443,2016-03-12,11120071688,2016-03-12T16:37:00Z,2016-03-12T18:10:00Z,93,1,98.93617021276596
5553957443,2016-03-13,11120071689,2016-03-13T00:17:30Z,2016-03-13T10:34:30Z,611,7,98.86731391585761
5553957443,2016-03-13,11120071690,2016-03-13T16:52:30Z,2016-03-13T18:06:30Z,74,1,98.66666666666667
5553957443,2016-03-14,11120071691,2016-03-13T21:40:30Z,2016-03-14T04:53:30Z,433,1,99.76958525345621
5553957443,2016-03-15,11128667052,2016-03-14T23:41:00Z,2016-03-15T06:08:00Z,379,9,97.68041237113401
5553957443,2016-03-16,11137168078,2016-03-15T23:00:00Z,2016-03-16T06:04:00Z,419,6,98.58823529411764
5553957443,2016-03-17,11156470369,2016-03-17T00:23:00Z,2016-03-17T04:57:00Z,272,3,98.9090909090909
5553957443,2016-03-17,11156470370,2016-03-17T18:55:00Z,2016-03-17T19:55:00Z,61,0,100
5553957443,2016-03-18,11156470371,2016-03-18T12:06:00Z,2016-03-18T14:00:00Z,110,5,95.65217391304348
5553957443,2016-03-21,11234106083,2016-03-21T09:30:00Z,2016-03-21T12:03:00Z,149,5,96.75324675324676
5553957443,2016-03-22,11234106084,2016-03-22T02:45:00Z,2016-03-22T12:19:00Z,571,4,99.30434782608695
5553957443,2016-03-23,11234106085,2016-03-23T07:03:00Z,2016-03-23T11:59:00Z,290,7,97.64309764309765
5553957443,2016-03-24,11234106086,2016-03-24T01:10:30Z,2016-03-24T08:07:30Z,410,8,98.08612440191388
5553957443,2016-03-25,11234106087,2016-03-25T01:30:30Z,2016-03-25T12:44:30Z,669,6,99.11111111111111
5553957443,2016-03-26,11234106088,2016-03-26T02:52:30Z,2016-03-26T06:25:30Z,213,1,99.53271028037383
5553957443,2016-03-26,11234106089,2016-03-26T10:15:00Z,2016-03-26T11:20:00Z,66,0,100
5553957443,2016-03-26,11234106090,2016-03-26T16:15:30Z,2016-03-26T17:51:30Z,97,0,100
5553957443,2016-03-27,11234106091,2016-03-27T02:05:30Z,2016-03-27T11:54:30Z,576,14,97.6271186440678
5553957443,2016-03-27,11260198135,2016-03-27T15:08:30Z,2016-03-27T16:08:30Z,60,1,98.36065573770492
5553957443,2016-03-27,11260198136,2016-03-27T20:59:00Z,2016-03-27T22:28:00Z,90,0,100
5553957443,2016-03-28,11260198137,2016-03-27T23:49:00Z,2016-03-28T10:54:00Z,654,12,98.1981981981982
5553957443,2016-03-29,11260198138,2016-03-28T23:27:00Z,2016-03-29T05:57:00Z,388,3,99.23273657289002
5553957443,2016-03-30,11260198139,2016-03-30T01:05:30Z,2016-03-30T06:05:30Z,299,2,99.33554817275747
5553957443,2016-03-31,11267150989,2016-03-30T22:14:30Z,2016-03-31T06:05:30Z,464,8,98.30508474576271
5553957443,2016-04-01,11278153483,2016-03-31T23:31:00Z,2016-04-01T05:59:00Z,388,1,99.74293059125964
5553957443,2016-04-02,11288900297,2016-04-02T00:28:30Z,2016-04-02T12:03:30Z,690,6,99.13793103448276
5553957443,2016-04-02,11288900298,2016-04-02T12:54:00Z,2016-04-02T16:20:00Z,205,2,99.03381642512076
5553957443,2016-04-03,11295383457,2016-04-03T00:09:00Z,2016-04-03T12:39:00Z,742,9,98.80159786950732
5553957443,2016-04-04,11304747491,2016-04-03T22:31:30Z,2016-04-04T05:59:30Z,448,1,99.77728285077951
5553957443,2016-04-05,11311101003,2016-04-04T22:27:30Z,2016-04-05T05:58:30Z,449,3,99.33628318584071
5553957443,2016-04-06,11321578278,2016-04-05T23:36:30Z,2016-04-06T06:08:30Z,388,5,98.72773536895674
5553957443,2016-04-07,11329479408,2016-04-06T23:24:00Z,2016-04-07T06:09:00Z,405,1,99.75369458128078
5553957443,2016-04-08,11339175318,2016-04-07T23:54:30Z,2016-04-08T06:56:30Z,419,4,99.05437352245863
5553957443,2016-04-09,11357327130,2016-04-09T00:29:00Z,2016-04-09T09:36:00Z,542,6,98.90510948905109
5553957443,2016-04-09,11357327131,2016-04-09T14:08:00Z,2016-04-09T16:25:00Z,136,2,98.55072463768117
5553957443,2016-04-10,11357327132,2016-04-10T00:51:30Z,2016-04-10T11:12:30Z,615,7,98.87459807073955
5553957443,2016-04-11,11363953957,2016-04-10T22:33:30Z,2016-04-11T05:58:30Z,439,7,98.4304932735426
5553957443,2016-04-12,11372227280,2016-04-11T22:20:00Z,2016-04-12T06:03:00Z,461,3,99.35344827586206
5577150313,2016-03-12,11109426118,2016-03-11T21:19:30Z,2016-03-12T05:51:30Z,508,5,99.02534113060429
5577150313,2016-03-12,11133067677,2016-03-12T20:28:00Z,2016-03-12T22:25:00Z,117,1,99.15254237288136
5577150313,2016-03-13,11133067679,2016-03-12T22:28:00Z,2016-03-13T04:27:00Z,358,2,99.44444444444444
5577150313,2016-03-14,11133067680,2016-03-13T21:04:00Z,2016-03-14T03:23:00Z,377,3,99.21052631578947
5577150313,2016-03-15,11133067681,2016-03-14T21:11:30Z,2016-03-15T04:47:30Z,452,5,98.90590809628009
5577150313,2016-03-15,11133345748,2016-03-15T12:39:00Z,2016-03-15T13:49:00Z,71,0,100
5577150313,2016-03-16,11139736816,2016-03-15T21:36:30Z,2016-03-16T05:16:30Z,458,3,99.34924078091106
5577150313,2016-03-16,11156228927,2016-03-16T21:28:30Z,2016-03-16T23:12:30Z,105,0,100
5577150313,2016-03-17,11156228928,2016-03-16T23:16:00Z,2016-03-17T05:37:00Z,376,6,98.42931937172776
5577150313,2016-03-18,11156228929,2016-03-17T22:01:30Z,2016-03-18T05:18:30Z,437,1,99.77168949771689
5577150313,2016-03-19,11189693975,2016-03-18T22:01:00Z,2016-03-19T00:11:00Z,128,3,97.70992366412213
5577150313,2016-03-19,11189693976,2016-03-19T00:40:30Z,2016-03-19T05:38:30Z,298,1,99.66555183946488
5577150313,2016-03-20,11189693977,2016-03-19T22:49:30Z,2016-03-20T07:13:30Z,501,4,99.20792079207921
5577150313,2016-03-20,11189693978,2016-03-20T15:10:30Z,2016-03-20T17:22:30Z,133,0,100
5577150313,2016-03-21,11189693979,2016-03-20T22:32:30Z,2016-03-21T06:54:30Z,498,5,99.00596421471172
5577150313,2016-03-23,11209703593,2016-03-22T22:11:00Z,2016-03-23T06:48:00Z,511,7,98.64864864864865
5577150313,2016-03-23,11209703594,2016-03-23T06:53:00Z,2016-03-23T08:34:00Z,101,1,99.01960784313727
5577150313,2016-03-24,11209703595,2016-03-23T23:10:00Z,2016-03-24T05:53:00Z,398,6,98.51485148514851
5577150313,2016-03-25,11242403376,2016-03-24T23:00:30Z,2016-03-25T02:58:30Z,239,0,100
5577150313,2016-03-25,11242403377,2016-03-25T03:15:00Z,2016-03-25T05:20:00Z,126,0,100
5577150313,2016-03-26,11242403378,2016-03-25T21:44:30Z,2016-03-26T00:45:30Z,182,0,100
5577150313,2016-03-26,11242403379,2016-03-26T01:21:30Z,2016-03-26T06:52:30Z,332,0,100
5577150313,2016-03-27,11242403380,2016-03-26T22:27:30Z,2016-03-27T04:46:30Z,377,3,99.21052631578947
5577150313,2016-03-28,11242403381,2016-03-27T23:01:30Z,2016-03-28T05:45:30Z,401,4,99.01234567901234
5577150313,2016-03-28,11281222431,2016-03-28T21:07:30Z,2016-03-28T22:08:30Z,62,0,100
5577150313,2016-03-29,11281222432,2016-03-28T22:11:00Z,2016-03-29T05:34:00Z,436,8,98.1981981981982
5577150313,2016-03-30,11281222433,2016-03-29T21:37:30Z,2016-03-30T04:03:30Z,387,0,100
5577150313,2016-03-30,11281222434,2016-03-30T04:06:00Z,2016-03-30T05:37:00Z,90,2,97.82608695652173
5577150313,2016-03-31,11281222435,2016-03-30T22:07:30Z,2016-03-31T05:55:30Z,467,2,99.57356076759062
5577150313,2016-04-01,11281222436,2016-03-31T22:20:00Z,2016-04-01T05:13:00Z,414,0,100
5577150313,2016-04-02,11307114407,2016-04-01T21:47:30Z,2016-04-02T00:02:30Z,135,1,99.26470588235294
5577150313,2016-04-02,11307114408,2016-04-02T00:52:00Z,2016-04-02T06:02:00Z,306,5,98.39228295819936
5577150313,2016-04-03,11307114409,2016-04-02T22:49:30Z,2016-04-03T04:41:30Z,351,2,99.43342776203966
5577150313,2016-04-04,11307114410,2016-04-03T21:47:00Z,2016-04-04T05:20:00Z,449,5,98.89867841409692
5577150313,2016-04-05,11342834137,2016-04-04T21:43:30Z,2016-04-05T03:44:30Z,356,6,98.34254143646409
5577150313,2016-04-05,11342834138,2016-04-05T03:48:00Z,2016-04-05T05:58:00Z,126,5,96.18320610687023
5577150313,2016-04-06,11342834139,2016-04-05T23:02:00Z,2016-04-06T05:22:00Z,378,3,99.21259842519686
5577150313,2016-04-07,11342834140,2016-04-06T22:23:30Z,2016-04-07T05:53:30Z,446,5,98.89135254988913
5577150313,2016-04-08,11342834141,2016-04-07T21:38:30Z,2016-04-08T05:26:30Z,465,4,99.14712153518124
5577150313,2016-04-09,11351009044,2016-04-08T21:46:30Z,2016-04-09T01:56:30Z,251,0,100
5577150313,2016-04-09,11351009045,2016-04-09T02:06:30Z,2016-04-09T06:32:30Z,267,0,100
5577150313,2016-04-09,11366922635,2016-04-09T21:07:00Z,2016-04-09T23:00:00Z,114,0,100
5577150313,2016-04-10,11366922636,2016-04-09T23:42:30Z,2016-04-10T05:48:30Z,364,3,99.1825613079019
5577150313,2016-04-11,11366922637,2016-04-10T22:27:00Z,2016-04-11T05:32:00Z,419,7,98.35680751173709
6117666160,2016-03-12,11103710844,2016-03-11T22:42:30Z,2016-03-12T04:39:30Z,358,0,100
6117666160,2016-03-12,11132741332,2016-03-12T05:41:00Z,2016-03-12T10:11:00Z,266,5,98.1549815498155
6117666160,2016-03-12,11132741333,2016-03-12T15:11:30Z,2016-03-12T17:07:30Z,117,0,100
6117666160,2016-03-14,11132741334,2016-03-13T22:00:30Z,2016-03-14T09:22:30Z,682,1,99.85358711566617
6117666160,2016-03-15,11132741335,2016-03-14T22:13:30Z,2016-03-15T07:28:30Z,552,4,99.28057553956835
6117666160,2016-03-16,11147575488,2016-03-15T23:08:30Z,2016-03-16T03:39:30Z,272,0,100
6117666160,2016-03-16,11147575489,2016-03-16T03:51:00Z,2016-03-16T05:07:00Z,74,3,96.1038961038961
6117666160,2016-03-16,11147575490,2016-03-16T05:48:00Z,2016-03-16T08:05:00Z,136,2,98.55072463768117
6117666160,2016-03-16,11147575491,2016-03-16T17:31:00Z,2016-03-16T19:02:00Z,91,1,98.91304347826086
6117666160,2016-03-16,11147575492,2016-03-16T21:09:00Z,2016-03-16T22:18:00Z,69,1,98.57142857142858
6117666160,2016-03-17,11147575494,2016-03-16T23:02:30Z,2016-03-17T09:46:30Z,644,1,99.84496124031008
6117666160,2016-03-18,11162506705,2016-03-17T22:54:30Z,2016-03-18T09:06:30Z,611,2,99.673735725938
6117666160,2016-03-18,11162506707,2016-03-18T22:10:30Z,2016-03-18T23:24:30Z,75,0,100
6117666160,2016-03-19,11162506709,2016-03-18T23:28:00Z,2016-03-19T02:19:00Z,168,4,97.67441860465115
6117666160,2016-03-19,11162506710,2016-03-19T02:48:30Z,2016-03-19T04:59:30Z,129,3,97.72727272727273
6117666160,2016-03-19,11162506711,2016-03-19T05:09:30Z,2016-03-19T09:47:30Z,278,1,99.6415770609319
6117666160,2016-03-19,11174525244,2016-03-19T22:03:30Z,2016-03-19T23:35:30Z,90,3,96.7741935483871
6117666160,2016-03-20,11174525245,2016-03-20T00:36:00Z,2016-03-20T08:48:00Z,492,1,99.79716024340772
6117666160,2016-03-21,11181692495,2016-03-20T23:02:30Z,2016-03-21T08:03:30Z,542,0,100
6117666160,2016-03-22,11187639868,2016-03-21T23:35:30Z,2016-03-22T06:43:30Z,427,2,99.53379953379954
6117666160,2016-03-23,11201626721,2016-03-23T01:07:30Z,2016-03-23T03:23:30Z,137,0,100
6117666160,2016-03-23,11201626722,2016-03-23T04:03:30Z,2016-03-23T08:00:30Z,238,0,100
6117666160,2016-03-24,11210710486,2016-03-23T21:13:48Z,2016-03-24T11:48:48Z,815,61,93.0365296803653
6117666160,2016-03-24,11210710662,2016-03-24T14:56:00Z,2016-03-24T15:55:00Z,59,1,98.33333333333333
6117666160,2016-03-25,11217572801,2016-03-24T23:39:00Z,2016-03-25T08:42:00Z,544,0,100
6117666160,2016-03-26,11243404163,2016-03-26T01:12:30Z,2016-03-26T07:15:30Z,360,4,98.9010989010989
6117666160,2016-03-26,11243404164,2016-03-26T19:39:00Z,2016-03-26T20:43:00Z,65,0,100
6117666160,2016-03-27,11243404165,2016-03-26T23:22:00Z,2016-03-27T04:56:00Z,333,2,99.40298507462687
6117666160,2016-03-27,11243404166,2016-03-27T05:30:30Z,2016-03-27T09:07:30Z,218,0,100
6117666160,2016-03-29,11256391658,2016-03-28T23:27:30Z,2016-03-29T05:56:30Z,390,0,100
6117666160,2016-03-29,11256391659,2016-03-29T06:24:30Z,2016-03-29T09:59:30Z,214,2,99.07407407407408
6117666160,2016-03-30,11265399033,2016-03-30T19:14:00Z,2016-03-30T20:44:00Z,91,0,100
6117666160,2016-03-31,11276495951,2016-03-30T23:45:00Z,2016-03-31T05:51:00Z,367,0,100
6117666160,2016-03-31,11276495952,2016-03-31T06:40:00Z,2016-03-31T09:36:00Z,177,0,100
6117666160,2016-03-31,11276495953,2016-03-31T21:46:30Z,2016-03-31T23:05:30Z,80,0,100
6117666160,2016-04-01,11276495954,2016-04-01T00:00:30Z,2016-04-01T04:17:30Z,256,2,99.2248062015504
6117666160,2016-04-01,11280863319,2016-04-01T04:31:00Z,2016-04-01T08:27:00Z,228,9,96.20253164556962
6117666160,2016-04-02,11308970507,2016-04-01T22:29:00Z,2016-04-02T07:45:00Z,557,0,100
6117666160,2016-04-05,11336060757,2016-04-05T22:52:30Z,2016-04-05T23:55:30Z,63,1,98.4375
6117666160,2016-04-06,11336060758,2016-04-05T23:58:00Z,2016-04-06T07:36:00Z,453,6,98.69281045751634
6117666160,2016-04-07,11336060759,2016-04-06T22:16:00Z,2016-04-07T08:33:00Z,616,2,99.67637540453075
6117666160,2016-04-09,11352379598,2016-04-09T00:13:00Z,2016-04-09T03:57:00Z,222,3,98.66666666666667
6117666160,2016-04-09,11352379599,2016-04-09T04:22:00Z,2016-04-09T07:19:00Z,178,0,100
6117666160,2016-04-09,11352379600,2016-04-09T22:01:00Z,2016-04-09T23:04:00Z,64,0,100
6775888955,2016-03-12,11140793347,2016-03-11T22:45:00Z,2016-03-12T07:17:00Z,512,1,99.80506822612085
6775888955,2016-03-14,11140793348,2016-03-13T23:21:30Z,2016-03-14T10:42:30Z,668,14,97.94721407624634
6775888955,2016-03-15,11140793349,2016-03-15T00:59:30Z,2016-03-15T03:00:30Z,122,0,100
6775888955,2016-03-18,11158023099,2016-03-18T14:59:00Z,2016-03-18T19:58:00Z,299,1,99.66666666666667
6775888955,2016-03-19,11165512026,2016-03-19T06:28:00Z,2016-03-19T13:10:00Z,403,0,100
6775888955,2016-03-21,11180626808,2016-03-21T02:57:00Z,2016-03-21T09:41:00Z,395,10,97.53086419753086
6775888955,2016-03-26,11223306485,2016-03-25T22:51:00Z,2016-03-26T05:58:00Z,412,16,96.26168224299066
6775888955,2016-03-27,11232428817,2016-03-27T02:34:00Z,2016-03-27T09:20:00Z,404,3,99.26289926289927
6775888955,2016-03-28,11237399584,2016-03-28T00:40:00Z,2016-03-28T02:52:00Z,132,1,99.24812030075188
6775888955,2016-03-28,11241250230,2016-03-28T03:19:00Z,2016-03-28T05:04:00Z,104,2,98.11320754716981
6775888955,2016-03-28,11241250231,2016-03-28T05:48:30Z,2016-03-28T10:12:30Z,264,1,99.62264150943396
6775888955,2016-03-31,11287934058,2016-03-31T02:46:00Z,2016-03-31T07:52:00Z,302,5,98.37133550488599
6775888955,2016-04-02,11287934059,2016-04-01T23:47:00Z,2016-04-02T07:31:00Z,459,6,98.70967741935483
6775888955,2016-04-06,11322465490,2016-04-06T00:41:00Z,2016-04-06T08:16:00Z,454,2,99.56140350877193
6775888955,2016-04-07,11333135084,2016-04-06T23:49:00Z,2016-04-07T00:51:00Z,62,1,98.4126984126984
6775888955,2016-04-07,11333135085,2016-04-07T01:54:00Z,2016-04-07T03:43:00Z,110,0,100
6775888955,2016-04-07,11333135086,2016-04-07T06:01:00Z,2016-04-07T08:09:00Z,128,1,99.2248062015504
6962181067,2016-03-12,11103653021,2016-03-11T23:29:00Z,2016-03-12T06:38:00Z,430,0,100
6962181067,2016-03-13,11111697363,2016-03-12T21:46:00Z,2016-03-13T07:58:00Z,610,3,99.510603588907
6962181067,2016-03-14,11120259470,2016-03-13T23:42:00Z,2016-03-14T06:47:00Z,425,1,99.76525821596243
6962181067,2016-03-15,11128078273,2016-03-14T23:07:00Z,2016-03-15T05:29:00Z,376,7,98.17232375979113
6962181067,2016-03-16,11136373061,2016-03-15T23:01:00Z,2016-03-16T05:53:00Z,410,3,99.27360774818402
6962181067,2016-03-17,11144553496,2016-03-17T00:31:00Z,2016-03-17T06:51:00Z,381,0,100
6962181067,2016-03-18,11153299663,2016-03-17T23:46:00Z,2016-03-18T07:33:00Z,463,5,98.93162393162393
6962181067,2016-03-19,11160558620,2016-03-19T00:15:30Z,2016-03-19T07:45:30Z,451,0,100
6962181067,2016-03-20,11168106830,2016-03-19T23:12:00Z,2016-03-20T07:33:00Z,502,0,100
6962181067,2016-03-21,11177339605,2016-03-20T23:47:00Z,2016-03-21T07:13:00Z,447,0,100
6962181067,2016-03-22,11186421316,2016-03-22T01:22:30Z,2016-03-22T07:59:30Z,397,1,99.74874371859298
6962181067,2016-03-22,11187205717,2016-03-22T08:01:00Z,2016-03-22T09:08:00Z,64,4,94.11764705882352
6962181067,2016-03-23,11196437097,2016-03-22T22:36:00Z,2016-03-23T08:41:00Z,606,0,100
6962181067,2016-03-24,11205807443,2016-03-23T23:14:00Z,2016-03-24T07:46:00Z,511,2,99.61013645224172
6962181067,2016-03-25,11215431797,2016-03-24T23:53:00Z,2016-03-25T08:47:00Z,532,3,99.4392523364486
6962181067,2016-03-26,11223467263,2016-03-26T00:26:00Z,2016-03-26T08:32:00Z,485,2,99.58932238193019
6962181067,2016-03-27,11230887030,2016-03-27T00:01:00Z,2016-03-27T08:10:00Z,488,2,99.59183673469387
6962181067,2016-03-28,11238364151,2016-03-27T22:58:00Z,2016-03-28T06:41:00Z,461,3,99.35344827586206
6962181067,2016-03-28,11239691906,2016-03-28T07:01:00Z,2016-03-28T08:28:00Z,88,0,100
6962181067,2016-03-29,11248518835,2016-03-28T23:12:00Z,2016-03-29T06:38:00Z,446,1,99.77628635346755
6962181067,2016-03-30,11258188884,2016-03-30T00:03:00Z,2016-03-30T06:48:00Z,405,1,99.75369458128078
6962181067,2016-03-31,11267627657,2016-03-30T23:34:30Z,2016-03-31T06:48:30Z,435,0,100
6962181067,2016-03-31,11269429104,2016-03-31T07:42:30Z,2016-03-31T09:36:30Z,113,2,98.26086956521739
6962181067,2016-04-01,11278333511,2016-03-31T23:55:30Z,2016-04-01T08:51:30Z,537,0,100
6962181067,2016-04-02,11284936990,2016-04-02T01:14:00Z,2016-04-02T08:08:00Z,414,1,99.75903614457832
6962181067,2016-04-03,11292937308,2016-04-03T00:25:00Z,2016-04-03T08:40:00Z,491,5,98.99193548387096
6962181067,2016-04-04,11300535788,2016-04-03T22:48:00Z,2016-04-04T06:38:00Z,467,4,99.15074309978769
6962181067,2016-04-05,11310735495,2016-04-05T00:05:00Z,2016-04-05T05:59:00Z,347,8,97.74647887323944
6962181067,2016-04-06,11321297696,2016-04-05T23:09:00Z,2016-04-06T08:07:00Z,537,2,99.62894248608535
6962181067,2016-04-07,11329502030,2016-04-06T23:46:00Z,2016-04-07T06:48:00Z,423,0,100
6962181067,2016-04-08,11338903255,2016-04-07T23:39:00Z,2016-04-08T06:42:00Z,424,0,100
6962181067,2016-04-09,11346364066,2016-04-09T00:53:00Z,2016-04-09T07:04:00Z,371,1,99.73118279569893
6962181067,2016-04-09,11347105614,2016-04-09T07:06:00Z,2016-04-09T08:28:00Z,80,3,96.3855421686747
6962181067,2016-04-10,11354781858,2016-04-10T01:22:30Z,2016-04-10T08:23:30Z,422,0,100
6962181067,2016-04-11,11363188395,2016-04-10T23:53:30Z,2016-04-11T06:45:30Z,413,0,100
6962181067,2016-04-12,11372617693,2016-04-12T00:23:30Z,2016-04-12T06:49:30Z,384,3,99.2248062015504
7007744171,2016-03-14,11125339727,2016-03-14T14:07:30Z,2016-03-14T15:34:30Z,88,0,100
7007744171,2016-03-24,11211182914,2016-03-24T13:23:00Z,2016-03-24T14:29:00Z,67,0,100
7007744171,2016-03-26,11260808655,2016-03-26T14:14:30Z,2016-03-26T15:17:30Z,63,1,98.4375
7007744171,2016-03-30,11265555924,2016-03-30T12:46:00Z,2016-03-30T13:49:00Z,64,0,100
7007744171,2016-04-02,11290942631,2016-04-02T20:49:00Z,2016-04-02T21:57:00Z,67,2,97.10144927536231
7007744171,2016-04-03,11297367581,2016-04-03T13:00:30Z,2016-04-03T14:12:30Z,73,0,100
7007744171,2016-04-05,11317105510,2016-04-05T12:57:00Z,2016-04-05T14:06:00Z,70,0,100
7007744171,2016-04-07,11336563519,2016-04-07T12:30:00Z,2016-04-07T13:35:00Z,66,0,100
7086361926,2016-03-12,11104156370,2016-03-12T02:58:30Z,2016-03-12T04:32:30Z,94,1,98.94736842105263
7086361926,2016-03-12,11107972992,2016-03-12T04:34:00Z,2016-03-12T12:25:00Z,472,0,100
7086361926,2016-03-14,11122241448,2016-03-13T23:37:00Z,2016-03-14T06:32:00Z,414,2,99.51923076923077
7086361926,2016-03-15,11131504825,2016-03-14T23:25:30Z,2016-03-15T06:38:30Z,432,2,99.53917050691244
7086361926,2016-03-16,11138546268,2016-03-16T00:13:30Z,2016-03-16T06:23:30Z,370,1,99.73045822102425
7086361926,2016-03-17,11151091572,2016-03-16T23:19:30Z,2016-03-17T06:54:30Z,455,1,99.78070175438597
7086361926,2016-03-20,11225050781,2016-03-20T00:51:30Z,2016-03-20T08:36:30Z,466,0,100
7086361926,2016-03-21,11225050783,2016-03-21T00:57:00Z,2016-03-21T09:51:00Z,534,1,99.81308411214953
7086361926,2016-03-23,11225050784,2016-03-23T00:59:00Z,2016-03-23T08:37:00Z,453,6,98.69281045751634
7086361926,2016-03-25,11225050785,2016-03-25T06:57:30Z,2016-03-25T11:44:30Z,286,2,99.30555555555556
7086361926,2016-03-26,11225050786,2016-03-26T02:44:00Z,2016-03-26T08:12:00Z,327,2,99.3920972644377
7086361926,2016-03-27,11236242567,2016-03-27T21:21:00Z,2016-03-27T22:29:00Z,68,1,98.55072463768117
7086361926,2016-03-29,11250983719,2016-03-28T20:02:00Z,2016-03-29T06:43:00Z,640,2,99.68847352024922
7086361926,2016-03-30,11260019213,2016-03-29T22:02:00Z,2016-03-30T06:24:00Z,495,8,98.40954274353876
7086361926,2016-03-30,11266053163,2016-03-30T18:21:00Z,2016-03-30T21:15:00Z,172,3,98.28571428571429
7086361926,2016-03-31,11267627992,2016-03-30T22:22:00Z,2016-03-31T03:38:00Z,313,4,98.73817034700315
7086361926,2016-03-31,11271068586,2016-03-31T03:49:00Z,2016-03-31T10:28:00Z,396,4,99
7086361926,2016-04-01,11279040152,2016-03-31T23:17:00Z,2016-04-01T06:43:00Z,443,4,99.10514541387025
7086361926,2016-04-02,11290643186,2016-04-01T23:23:00Z,2016-04-02T09:25:00Z,600,3,99.50248756218906
7086361926,2016-04-06,11322363330,2016-04-05T22:29:00Z,2016-04-06T06:42:00Z,494,0,100
7086361926,2016-04-07,11332035401,2016-04-06T22:54:00Z,2016-04-07T06:45:00Z,471,1,99.78813559322035
7086361926,2016-04-08,11341334566,2016-04-07T22:14:00Z,2016-04-08T06:44:00Z,511,0,100
7086361926,2016-04-09,11349570850,2016-04-09T00:37:00Z,2016-04-09T08:43:00Z,483,4,99.17864476386036
7086361926,2016-04-11,11365742591,2016-04-10T23:15:00Z,2016-04-11T06:35:00Z,441,0,100
7086361926,2016-04-12,11374876178,2016-04-11T22:11:30Z,2016-04-12T06:55:30Z,523,2,99.61904761904762
8053475328,2016-03-29,11251750535,2016-03-29T02:12:00Z,2016-03-29T10:32:00Z,499,2,99.60079840319361
8378563200,2016-03-12,11105174673,2016-03-11T22:08:30Z,2016-03-12T07:57:30Z,583,7,98.8135593220339
8378563200,2016-03-12,11109526348,2016-03-12T15:08:30Z,2016-03-12T16:51:30Z,100,4,96.15384615384616
8378563200,2016-03-13,11111862694,2016-03-12T22:30:00Z,2016-03-13T05:35:00Z,423,3,99.29577464788733
8378563200,2016-03-13,11113231757,2016-03-13T07:18:00Z,2016-03-13T09:04:00Z,107,0,100
8378563200,2016-03-14,11120653955,2016-03-13T22:03:30Z,2016-03-14T03:46:30Z,344,0,100
8378563200,2016-03-15,11129141905,2016-03-14T21:42:00Z,2016-03-15T04:19:00Z,394,4,98.99497487437185
8378563200,2016-03-16,11137573609,2016-03-15T22:03:30Z,2016-03-16T06:43:30Z,516,5,99.04030710172745
8378563200,2016-03-17,11148095434,2016-03-17T00:19:00Z,2016-03-17T07:06:00Z,406,2,99.50980392156863
8378563200,2016-03-18,11156087657,2016-03-17T23:46:30Z,2016-03-18T07:44:30Z,474,5,98.95615866388309
8378563200,2016-03-18,11158362804,2016-03-18T20:18:30Z,2016-03-18T21:43:30Z,85,1,98.83720930232558
8378563200,2016-03-19,11161423175,2016-03-18T23:12:30Z,2016-03-19T08:03:30Z,531,1,99.81203007518798
8378563200,2016-03-20,11169252720,2016-03-19T23:28:30Z,2016-03-20T07:52:30Z,503,2,99.60396039603961
8378563200,2016-03-21,11178982822,2016-03-21T03:09:30Z,2016-03-21T08:32:30Z,320,4,98.76543209876543
8378563200,2016-03-22,11185981580,2016-03-21T22:03:30Z,2016-03-22T04:16:30Z,374,0,100
8378563200,2016-03-22,11192993513,2016-03-22T20:19:30Z,2016-03-22T21:42:30Z,81,3,96.42857142857143
8378563200,2016-03-23,11195595452,2016-03-22T21:44:00Z,2016-03-23T04:20:00Z,390,7,98.2367758186398
8378563200,2016-03-24,11205060425,2016-03-23T21:59:00Z,2016-03-24T04:20:00Z,375,7,98.1675392670157
8378563200,2016-03-25,11213559163,2016-03-24T20:50:00Z,2016-03-25T04:17:00Z,441,7,98.4375
8378563200,2016-03-26,11224590479,2016-03-25T23:40:00Z,2016-03-26T00:50:00Z,71,0,100
8378563200,2016-03-26,11224590480,2016-03-26T00:54:00Z,2016-03-26T09:09:00Z,487,9,98.18548387096774
8378563200,2016-03-26,11228189549,2016-03-26T19:54:00Z,2016-03-26T21:09:00Z,74,2,97.36842105263158
8378563200,2016-03-27,11231487569,2016-03-26T23:02:30Z,2016-03-27T08:05:30Z,539,5,99.08088235294117
8378563200,2016-03-28,11238712630,2016-03-27T22:13:00Z,2016-03-28T04:17:00Z,364,1,99.72602739726028
8378563200,2016-03-29,11249225186,2016-03-28T20:43:00Z,2016-03-29T04:15:00Z,446,7,98.45474613686534
8378563200,2016-03-30,11259578930,2016-03-29T22:27:00Z,2016-03-30T06:13:00Z,459,8,98.28693790149893
8378563200,2016-03-30,11266882347,2016-03-30T20:05:00Z,2016-03-30T23:05:00Z,174,7,96.13259668508287
8378563200,2016-03-31,11266882348,2016-03-30T23:09:00Z,2016-03-31T04:16:00Z,304,4,98.7012987012987
8378563200,2016-03-31,11276545961,2016-03-31T20:35:00Z,2016-03-31T22:17:00Z,101,2,98.05825242718447
8378563200,2016-04-01,11276545962,2016-03-31T22:22:00Z,2016-04-01T04:20:00Z,355,4,98.88579387186628
8378563200,2016-04-01,11283701738,2016-04-01T21:06:00Z,2016-04-01T23:37:00Z,151,1,99.3421052631579
8378563200,2016-04-02,11283701739,2016-04-01T23:41:00Z,2016-04-02T04:01:00Z,257,4,98.46743295019157
8378563200,2016-04-02,11285315824,2016-04-02T04:03:00Z,2016-04-02T07:17:00Z,190,5,97.43589743589743
8378563200,2016-04-02,11289399204,2016-04-02T14:40:30Z,2016-04-02T15:58:30Z,79,0,100
8378563200,2016-04-03,11292671260,2016-04-02T21:57:30Z,2016-04-03T07:13:30Z,551,6,98.92280071813285
8378563200,2016-04-04,11300906782,2016-04-03T21:56:00Z,2016-04-04T04:19:00Z,384,0,100
8378563200,2016-04-05,11311512808,2016-04-04T20:59:00Z,2016-04-05T04:14:00Z,436,0,100
8378563200,2016-04-05,11320612170,2016-04-05T20:55:30Z,2016-04-05T23:01:30Z,127,0,100
8378563200,2016-04-06,11320612171,2016-04-05T23:05:00Z,2016-04-06T04:19:00Z,311,4,98.73015873015873
8378563200,2016-04-06,11329999897,2016-04-06T21:15:30Z,2016-04-06T22:30:30Z,76,0,100
8378563200,2016-04-07,11329999898,2016-04-06T22:35:00Z,2016-04-07T04:21:00Z,340,7,97.98270893371757
8378563200,2016-04-07,11336747933,2016-04-07T19:33:00Z,2016-04-07T21:04:00Z,90,2,97.82608695652173
8378563200,2016-04-07,11339370387,2016-04-07T21:35:00Z,2016-04-07T23:02:00Z,88,0,100
8378563200,2016-04-08,11339370388,2016-04-07T23:07:00Z,2016-04-08T04:15:00Z,306,3,99.02912621359224
8378563200,2016-04-09,11346568089,2016-04-08T22:53:30Z,2016-04-09T03:34:30Z,279,3,98.93617021276596
8378563200,2016-04-09,11351999722,2016-04-09T15:46:00Z,2016-04-09T18:43:00Z,176,2,98.87640449438202
8378563200,2016-04-10,11355560999,2016-04-09T22:26:00Z,2016-04-10T00:04:00Z,99,0,100
8378563200,2016-04-10,11355561000,2016-04-10T00:14:30Z,2016-04-10T08:24:30Z,489,2,99.59266802443992
8378563200,2016-04-11,11362091027,2016-04-10T22:20:00Z,2016-04-11T04:14:00Z,352,3,99.15492957746478
8378563200,2016-04-12,11373088895,2016-04-11T22:19:00Z,2016-04-12T04:14:00Z,354,2,99.43820224719101
8792009665,2016-03-27,11233299789,2016-03-27T04:02:00Z,2016-03-27T11:01:00Z,415,5,98.80952380952381
8792009665,2016-03-28,11242211270,2016-03-28T04:54:00Z,2016-03-28T11:40:00Z,404,3,99.26289926289927
8792009665,2016-03-29,11304567340,2016-03-29T07:13:00Z,2016-03-29T10:37:00Z,202,3,98.53658536585365
8792009665,2016-03-30,11304567341,2016-03-30T03:02:00Z,2016-03-30T06:49:00Z,228,0,100
8792009665,2016-03-30,11304567342,2016-03-30T07:01:00Z,2016-03-30T10:51:00Z,229,2,99.13419913419914
8792009665,2016-04-01,11304567343,2016-04-01T03:02:30Z,2016-04-01T08:40:30Z,336,3,99.11504424778761
8792009665,2016-04-01,11304567344,2016-04-01T08:43:00Z,2016-04-01T11:27:00Z,162,3,98.18181818181819
8792009665,2016-04-03,11304567345,2016-04-03T00:24:00Z,2016-04-03T09:00:00Z,508,9,98.25918762088975
8792009665,2016-04-04,11304567346,2016-04-04T00:25:30Z,2016-04-04T06:00:30Z,335,1,99.70238095238095
8792009665,2016-04-04,11304567347,2016-04-04T06:10:00Z,2016-04-04T10:28:00Z,254,5,98.06949806949807
8792009665,2016-04-05,11314175908,2016-04-05T03:43:00Z,2016-04-05T10:36:00Z,403,11,97.34299516908213
8792009665,2016-04-06,11323233591,2016-04-06T02:43:30Z,2016-04-06T10:25:30Z,455,8,98.27213822894169
8792009665,2016-04-07,11332369973,2016-04-07T02:05:00Z,2016-04-07T09:59:00Z,469,6,98.73684210526315
8792009665,2016-04-08,11339506278,2016-04-08T03:10:00Z,2016-04-08T06:07:00Z,174,4,97.75280898876404
8792009665,2016-04-08,11341973497,2016-04-08T06:17:00Z,2016-04-08T10:45:00Z,265,4,98.51301115241635
8792009665,2016-04-09,11346641639,2016-04-09T01:49:00Z,2016-04-09T06:29:00Z,279,2,99.28825622775801
8792009665,2016-04-09,11349628943,2016-04-09T06:51:30Z,2016-04-09T11:27:30Z,277,0,100
8792009665,2016-04-09,11357751881,2016-04-09T17:23:00Z,2016-04-09T18:42:00Z,79,1,98.75
